variant,wt_func
P5L,22.4
R31L,56.3
W57G,1.0
Q98R,5.4
P99L,3.6
D110E,19.9
E116K,6.7
R117G,34.7
L165S,2.7
R170H,150.4
V201M,47.5
M265R,19.1
F311L,7.6
R334L,3.6
R334Q,26.6
I336K,2.4
T338I,6.4
A349V,44.9
D443Y,53.2
F508del,0.7
V456A,4.1
F508C,114.0
D513G,4.8
G551D,2.9
L558S,1.2
V562I,116.4
Y563D,1.3
Y563N,1.9
P574H,3.0
F575Y,17.1
E588V,27.5
H609R,2.2
A613T,2.3
G622D,18.2
P750L,48.6
I807M,115.2
D836Y,122.1
S912L,71.2
L967S,74.4
D979V,7.0
A1006E,3.4
Y1014C,73.8
Y1032C,20.6
T1053I,78.8
F1099L,15.1
S1118F,5.8
V1153E,18.7
S1159F,4.7
T1246I,12.9
R1283M,6.7
Q1291R,62.3
L1335P,2.4